{
  "IcoMoonType": "selection",
  "icons": [
    {
      "icon": {
        "paths": [
          "M448 128l128 128h448v704h-1024v-832z"
        ],
        "attrs": [],
        "isMulticolor": false,
        "isMulticolor2": false,
        "tags": [
          "folder",
          "directory",
          "category",
          "browse"
        ],
        "defaultCode": 59695,
        "grid": 16
      },
      "attrs": [],
      "properties": {
        "ligatures": "folder, directory",
        "name": "folder",
        "id": 47,
        "order": 53,
        "prevSize": 32,
        "code": 59695
      },
      "setIdx": 0,
      "setId": 2,
      "iconIdx": 47
    },
    {
      "icon": {
        "paths": [
          "M832 960l192-512h-832l-192 512zM128 384l-128 576v-832h288l128 128h416v128z"
        ],
        "attrs": [],
        "isMulticolor": false,
        "isMulticolor2": false,
        "tags": [
          "folder-open",
          "directory",
          "category",
          "browse"
        ],
        "defaultCode": 59696,
        "grid": 16
      },
      "attrs": [],
      "properties": {
        "ligatures": "folder-open, directory2",
        "name": "folder-open",
        "id": 48,
        "order": 54,
        "prevSize": 32,
        "code": 59696
      },
      "setIdx": 0,
      "setId": 2,
      "iconIdx": 48
    },
    {
      "icon": {
        "paths": [
          "M576 256l-128-128h-448v832h1024v-704h-448zM704 704h-128v128h-128v-128h-128v-128h128v-128h128v128h128v128z"
        ],
        "attrs": [],
        "isMulticolor": false,
        "isMulticolor2": false,
        "tags": [
          "folder-plus",
          "directory",
          "folder-add"
        ],
        "defaultCode": 59697,
        "grid": 16
      },
      "attrs": [],
      "properties": {
        "ligatures": "folder-plus, directory3",
        "name": "folder-plus",
        "id": 49,
        "order": 55,
        "prevSize": 32,
        "code": 59697
      },
      "setIdx": 0,
      "setId": 2,
      "iconIdx": 49
    },
    {
      "icon": {
        "paths": [
          "M576 256l-128-128h-448v832h1024v-704h-448zM512 864l-224-224h160v-256h128v256h160l-224 224z"
        ],
        "attrs": [],
        "isMulticolor": false,
        "isMulticolor2": false,
        "tags": [
          "folder-download",
          "directory",
          "folder-save"
        ],
        "defaultCode": 59699,
        "grid": 16
      },
      "attrs": [],
      "properties": {
        "ligatures": "folder-download, directory5",
        "name": "folder-download",
        "id": 51,
        "order": 56,
        "prevSize": 32,
        "code": 59699
      },
      "setIdx": 0,
      "setId": 2,
      "iconIdx": 51
    },
    {
      "icon": {
        "paths": [
          "M576 256l-128-128h-448v832h1024v-704h-448zM512 480l224 224h-160v256h-128v-256h-160l224-224z"
        ],
        "attrs": [],
        "isMulticolor": false,
        "isMulticolor2": false,
        "tags": [
          "folder-upload",
          "directory",
          "folder-load"
        ],
        "defaultCode": 59700,
        "grid": 16
      },
      "attrs": [],
      "properties": {
        "ligatures": "folder-upload, directory6",
        "name": "folder-upload",
        "id": 52,
        "order": 57,
        "prevSize": 32,
        "code": 59700
      },
      "setIdx": 0,
      "setId": 2,
      "iconIdx": 52
    },
    {
      "icon": {
        "paths": [
          "M384 128c0-70.692 57.308-128 128-128s128 57.308 128 128c0 70.692-57.308 128-128 128s-128-57.308-128-128zM655.53 240.47c0-70.692 57.308-128 128-128s128 57.308 128 128c0 70.692-57.308 128-128 128s-128-57.308-128-128zM832 512c0-35.346 28.654-64 64-64s64 28.654 64 64c0 35.346-28.654 64-64 64s-64-28.654-64-64zM719.53 783.53c0-35.346 28.654-64 64-64s64 28.654 64 64c0 35.346-28.654 64-64 64s-64-28.654-64-64zM448.002 896c0 0 0 0 0 0 0-35.346 28.654-64 64-64s64 28.654 64 64c0 0 0 0 0 0 0 35.346-28.654 64-64 64s-64-28.654-64-64zM176.472 783.53c0 0 0 0 0 0 0-35.346 28.654-64 64-64s64 28.654 64 64c0 0 0 0 0 0 0 35.346-28.654 64-64 64s-64-28.654-64-64zM144.472 240.47c0 0 0 0 0 0 0-53.019 42.981-96 96-96s96 42.981 96 96c0 0 0 0 0 0 0 53.019-42.981 96-96 96s-96-42.981-96-96zM56 512c0-39.765 32.235-72 72-72s72 32.235 72 72c0 39.765-32.235 72-72 72s-72-32.235-72-72z"
        ],
        "attrs": [],
        "isMulticolor": false,
        "isMulticolor2": false,
        "tags": [
          "spinner",
          "loading",
          "loading-wheel",
          "busy",
          "wait"
        ],
        "defaultCode": 59770,
        "grid": 16
      },
      "attrs": [],
      "properties": {
        "ligatures": "spinner, loading2",
        "name": "spinner",
        "id": 122,
        "order": 52,
        "prevSize": 32,
        "code": 59770
      },
      "setIdx": 0,
      "setId": 2,
      "iconIdx": 122
    },
    {
      "icon": {
        "paths": [
          "M1024 512c-1.278-66.862-15.784-133.516-42.576-194.462-26.704-61-65.462-116.258-113.042-161.92-47.552-45.696-103.944-81.82-164.984-105.652-61.004-23.924-126.596-35.352-191.398-33.966-64.81 1.282-129.332 15.374-188.334 41.356-59.048 25.896-112.542 63.47-156.734 109.576-44.224 46.082-79.16 100.708-102.186 159.798-23.114 59.062-34.128 122.52-32.746 185.27 1.286 62.76 14.964 125.148 40.134 182.206 25.088 57.1 61.476 108.828 106.11 151.548 44.61 42.754 97.472 76.504 154.614 98.72 57.118 22.304 118.446 32.902 179.142 31.526 60.708-1.29 120.962-14.554 176.076-38.914 55.15-24.282 105.116-59.48 146.366-102.644 41.282-43.14 73.844-94.236 95.254-149.43 13.034-33.458 21.88-68.4 26.542-103.798 1.246 0.072 2.498 0.12 3.762 0.12 35.346 0 64-28.652 64-64 0-1.796-0.094-3.572-0.238-5.332h0.238zM922.306 681.948c-23.472 53.202-57.484 101.4-99.178 141.18-41.67 39.81-91 71.186-144.244 91.79-53.228 20.678-110.29 30.452-166.884 29.082-56.604-1.298-112.596-13.736-163.82-36.474-51.25-22.666-97.684-55.49-135.994-95.712-38.338-40.198-68.528-87.764-88.322-139.058-19.87-51.284-29.228-106.214-27.864-160.756 1.302-54.552 13.328-108.412 35.254-157.69 21.858-49.3 53.498-93.97 92.246-130.81 38.73-36.868 84.53-65.87 133.874-84.856 49.338-19.060 102.136-28.006 154.626-26.644 52.5 1.306 104.228 12.918 151.562 34.034 47.352 21.050 90.256 51.502 125.624 88.782 35.396 37.258 63.21 81.294 81.39 128.688 18.248 47.392 26.782 98.058 25.424 148.496h0.238c-0.144 1.76-0.238 3.536-0.238 5.332 0 33.012 24.992 60.174 57.086 63.624-6.224 34.822-16.53 68.818-30.78 100.992z"
        ],
        "attrs": [],
        "isMulticolor": false,
        "isMulticolor2": false,
        "tags": [
          "spinner",
          "loading",
          "loading-wheel",
          "busy",
          "wait"
        ],
        "defaultCode": 59771,
        "grid": 16
      },
      "attrs": [],
      "properties": {
        "ligatures": "spinner2, loading3",
        "name": "spinner2",
        "id": 123,
        "order": 43,
        "prevSize": 32,
        "code": 59771
      },
      "setIdx": 0,
      "setId": 2,
      "iconIdx": 123
    },
    {
      "icon": {
        "paths": [
          "M192 512c0-12.18 0.704-24.196 2.030-36.022l-184.98-60.104c-5.916 31.14-9.050 63.264-9.050 96.126 0 147.23 62.166 279.922 161.654 373.324l114.284-157.296c-52.124-56.926-83.938-132.758-83.938-216.028zM832 512c0 83.268-31.812 159.102-83.938 216.028l114.284 157.296c99.488-93.402 161.654-226.094 161.654-373.324 0-32.862-3.132-64.986-9.048-96.126l-184.98 60.104c1.324 11.828 2.028 23.842 2.028 36.022zM576 198.408c91.934 18.662 169.544 76.742 214.45 155.826l184.978-60.102c-73.196-155.42-222.24-268.060-399.428-290.156v194.432zM233.55 354.232c44.906-79.084 122.516-137.164 214.45-155.826v-194.43c-177.188 22.096-326.23 134.736-399.426 290.154l184.976 60.102zM644.556 803.328c-40.39 18.408-85.272 28.672-132.556 28.672s-92.166-10.264-132.554-28.67l-114.292 157.31c73.206 40.366 157.336 63.36 246.846 63.36s173.64-22.994 246.848-63.36l-114.292-157.312z"
        ],
        "attrs": [],
        "isMulticolor": false,
        "isMulticolor2": false,
        "tags": [
          "spinner",
          "loading",
          "loading-wheel",
          "busy",
          "wait"
        ],
        "defaultCode": 59773,
        "grid": 16
      },
      "attrs": [],
      "properties": {
        "ligatures": "spinner4, loading5",
        "name": "spinner4",
        "id": 125,
        "order": 51,
        "prevSize": 32,
        "code": 59773
      },
      "setIdx": 0,
      "setId": 2,
      "iconIdx": 125
    },
    {
      "icon": {
        "paths": [
          "M384 128c0-70.692 57.308-128 128-128s128 57.308 128 128c0 70.692-57.308 128-128 128s-128-57.308-128-128zM790.994 512c0 0 0 0 0 0 0-57.993 47.013-105.006 105.006-105.006s105.006 47.013 105.006 105.006c0 0 0 0 0 0 0 57.993-47.013 105.006-105.006 105.006s-105.006-47.013-105.006-105.006zM688.424 783.53c0-52.526 42.58-95.106 95.106-95.106s95.106 42.58 95.106 95.106c0 52.526-42.58 95.106-95.106 95.106s-95.106-42.58-95.106-95.106zM425.862 896c0-47.573 38.565-86.138 86.138-86.138s86.138 38.565 86.138 86.138c0 47.573-38.565 86.138-86.138 86.138s-86.138-38.565-86.138-86.138zM162.454 783.53c0-43.088 34.93-78.018 78.018-78.018s78.018 34.93 78.018 78.018c0 43.088-34.93 78.018-78.018 78.018s-78.018-34.93-78.018-78.018zM57.338 512c0-39.026 31.636-70.662 70.662-70.662s70.662 31.636 70.662 70.662c0 39.026-31.636 70.662-70.662 70.662s-70.662-31.636-70.662-70.662zM176.472 240.472c0 0 0 0 0 0 0-35.346 28.654-64 64-64s64 28.654 64 64c0 0 0 0 0 0 0 35.346-28.654 64-64 64s-64-28.654-64-64zM899.464 240.472c0 64.024-51.906 115.934-115.936 115.934-64.024 0-115.936-51.91-115.936-115.934 0-64.032 51.912-115.934 115.936-115.934 64.030 0 115.936 51.902 115.936 115.934z"
        ],
        "attrs": [],
        "isMulticolor": false,
        "isMulticolor2": false,
        "tags": [
          "spinner",
          "loading",
          "loading-wheel",
          "busy",
          "wait"
        ],
        "defaultCode": 59775,
        "grid": 16
      },
      "attrs": [],
      "properties": {
        "ligatures": "spinner6, loading7",
        "name": "spinner6",
        "id": 127,
        "order": 44,
        "prevSize": 32,
        "code": 59775
      },
      "setIdx": 0,
      "setId": 2,
      "iconIdx": 127
    },
    {
      "icon": {
        "paths": [
          "M416 928c0-53.019 42.981-96 96-96s96 42.981 96 96c0 53.019-42.981 96-96 96s-96-42.981-96-96zM0 512c0-53.019 42.981-96 96-96s96 42.981 96 96c0 53.019-42.981 96-96 96s-96-42.981-96-96zM832 512c0-53.019 42.981-96 96-96s96 42.981 96 96c0 53.019-42.981 96-96 96s-96-42.981-96-96zM121.844 217.844c0-53.019 42.981-96 96-96s96 42.981 96 96c0 53.019-42.981 96-96 96s-96-42.981-96-96zM710.156 806.156c0-53.019 42.981-96 96-96s96 42.981 96 96c0 53.019-42.981 96-96 96s-96-42.981-96-96zM121.844 806.156c0-53.019 42.981-96 96-96s96 42.981 96 96c0 53.019-42.981 96-96 96s-96-42.981-96-96zM710.156 217.844c0-53.019 42.981-96 96-96s96 42.981 96 96c0 53.019-42.981 96-96 96s-96-42.981-96-96z"
        ],
        "attrs": [],
        "isMulticolor": false,
        "isMulticolor2": false,
        "tags": [
          "spinner",
          "loading",
          "loading-wheel",
          "busy",
          "wait"
        ],
        "defaultCode": 59776,
        "grid": 16
      },
      "attrs": [],
      "properties": {
        "ligatures": "spinner7, loading8",
        "name": "spinner7",
        "id": 128,
        "order": 45,
        "prevSize": 32,
        "code": 59776
      },
      "setIdx": 0,
      "setId": 2,
      "iconIdx": 128
    },
    {
      "icon": {
        "paths": [
          "M512 1024c-136.76 0-265.334-53.258-362.040-149.96-96.702-96.706-149.96-225.28-149.96-362.040 0-96.838 27.182-191.134 78.606-272.692 50-79.296 120.664-143.372 204.356-185.3l43 85.832c-68.038 34.084-125.492 86.186-166.15 150.67-41.746 66.208-63.812 142.798-63.812 221.49 0 229.382 186.618 416 416 416s416-186.618 416-416c0-78.692-22.066-155.282-63.81-221.49-40.66-64.484-98.114-116.584-166.15-150.67l43-85.832c83.692 41.928 154.358 106.004 204.356 185.3 51.422 81.558 78.604 175.854 78.604 272.692 0 136.76-53.258 265.334-149.96 362.040-96.706 96.702-225.28 149.96-362.040 149.96z"
        ],
        "attrs": [],
        "isMulticolor": false,
        "isMulticolor2": false,
        "tags": [
          "spinner",
          "loading",
          "loading-wheel",
          "busy",
          "wait"
        ],
        "defaultCode": 59777,
        "grid": 16
      },
      "attrs": [],
      "properties": {
        "ligatures": "spinner8, loading9",
        "name": "spinner8",
        "id": 129,
        "order": 46,
        "prevSize": 32,
        "code": 59777
      },
      "setIdx": 0,
      "setId": 2,
      "iconIdx": 129
    },
    {
      "icon": {
        "paths": [
          "M512 0c-278.748 0-505.458 222.762-511.848 499.974 5.92-241.864 189.832-435.974 415.848-435.974 229.75 0 416 200.576 416 448 0 53.020 42.98 96 96 96s96-42.98 96-96c0-282.77-229.23-512-512-512zM512 1024c278.748 0 505.458-222.762 511.848-499.974-5.92 241.864-189.832 435.974-415.848 435.974-229.75 0-416-200.576-416-448 0-53.020-42.98-96-96-96s-96 42.98-96 96c0 282.77 229.23 512 512 512z"
        ],
        "attrs": [],
        "isMulticolor": false,
        "isMulticolor2": false,
        "tags": [
          "spinner",
          "loading",
          "loading-wheel",
          "busy",
          "wait"
        ],
        "defaultCode": 59778,
        "grid": 16
      },
      "attrs": [],
      "properties": {
        "ligatures": "spinner9, loading10",
        "name": "spinner9",
        "id": 130,
        "order": 49,
        "prevSize": 32,
        "code": 59778
      },
      "setIdx": 0,
      "setId": 2,
      "iconIdx": 130
    },
    {
      "icon": {
        "paths": [
          "M0.042 513.618l-0.022 0.004c0 0 0.012 0.090 0.028 0.222 0.11 3.878 0.55 7.676 1.322 11.352 0.204 1.746 0.428 3.66 0.674 5.774 0.222 1.886 0.46 3.914 0.718 6.078 0.374 2.566 0.77 5.292 1.19 8.176 0.856 5.746 1.8 12.124 2.908 18.958 1.348 6.446 2.804 13.414 4.364 20.864 0.71 3.718 1.776 7.504 2.786 11.406 1.024 3.89 2.078 7.894 3.16 12.004 0.566 2.042 1.040 4.132 1.708 6.208 0.656 2.074 1.32 4.176 1.988 6.3 1.348 4.234 2.726 8.566 4.136 12.988 0.352 1.106 0.708 2.21 1.064 3.324 0.408 1.102 0.814 2.208 1.226 3.316 0.826 2.218 1.658 4.458 2.502 6.714 1.696 4.496 3.422 9.078 5.18 13.742 1.968 4.566 3.97 9.214 6.004 13.934 1.018 2.348 2.044 4.714 3.078 7.098 1.048 2.376 2.27 4.704 3.408 7.074 2.322 4.714 4.678 9.496 7.062 14.332 2.47 4.786 5.208 9.512 7.846 14.328 1.336 2.398 2.68 4.808 4.028 7.23 1.368 2.41 2.902 4.75 4.356 7.14 2.95 4.738 5.93 9.524 8.934 14.348 12.64 18.894 26.676 37.566 42.21 55.278 15.712 17.578 32.726 34.25 50.692 49.602 18.18 15.136 37.264 28.902 56.726 41.114 19.604 12.036 39.644 22.312 59.376 31.144 5.004 2.040 9.964 4.062 14.878 6.066 2.462 0.972 4.868 2.032 7.336 2.918 2.47 0.868 4.93 1.734 7.376 2.594 4.898 1.684 9.678 3.468 14.484 4.992 4.832 1.43 9.604 2.844 14.312 4.242 2.356 0.672 4.66 1.426 7.004 2.012 2.346 0.574 4.676 1.14 6.986 1.704 4.606 1.118 9.142 2.214 13.604 3.296 4.5 0.868 8.926 1.722 13.27 2.558 2.166 0.41 4.31 0.82 6.434 1.222 1.062 0.2 2.118 0.398 3.166 0.598 1.060 0.148 2.118 0.292 3.166 0.442 4.192 0.582 8.292 1.152 12.3 1.71 1.998 0.274 3.972 0.546 5.922 0.816 1.946 0.286 3.904 0.378 5.814 0.57 3.822 0.336 7.544 0.664 11.164 0.98 3.616 0.304 7.104 0.688 10.526 0.738 0.23 0.008 0.452 0.016 0.682 0.026 0.614 34.812 29.008 62.846 63.968 62.846 0.542 0 1.080-0.028 1.62-0.042v0.022c0 0 0.090-0.012 0.224-0.028 3.878-0.11 7.674-0.55 11.35-1.322 1.748-0.204 3.662-0.426 5.776-0.672 1.884-0.222 3.912-0.462 6.076-0.718 2.566-0.376 5.292-0.772 8.176-1.192 5.746-0.856 12.124-1.8 18.958-2.908 6.446-1.348 13.414-2.804 20.864-4.362 3.718-0.712 7.504-1.778 11.406-2.786 3.892-1.026 7.894-2.080 12.004-3.162 2.044-0.566 4.132-1.040 6.208-1.708 2.074-0.656 4.174-1.318 6.3-1.988 4.232-1.348 8.564-2.726 12.988-4.134 1.104-0.354 2.21-0.708 3.324-1.066 1.1-0.406 2.206-0.814 3.316-1.226 2.216-0.824 4.456-1.658 6.714-2.5 4.496-1.698 9.078-3.424 13.74-5.182 4.568-1.968 9.216-3.97 13.936-6.004 2.348-1.018 4.714-2.044 7.098-3.078 2.376-1.048 4.702-2.27 7.074-3.408 4.714-2.322 9.494-4.678 14.33-7.062 4.786-2.47 9.512-5.208 14.328-7.846 2.398-1.336 4.808-2.678 7.23-4.028 2.41-1.366 4.75-2.9 7.14-4.354 4.738-2.952 9.524-5.93 14.35-8.936 18.89-12.64 37.564-26.674 55.278-42.21 17.574-15.712 34.248-32.726 49.602-50.69 15.136-18.182 28.902-37.264 41.112-56.728 12.036-19.602 22.314-39.644 31.142-59.376 2.042-5.002 4.062-9.964 6.068-14.878 0.974-2.462 2.032-4.868 2.918-7.334 0.87-2.472 1.732-4.932 2.592-7.376 1.686-4.898 3.468-9.678 4.994-14.484 1.432-4.832 2.846-9.604 4.24-14.31 0.674-2.358 1.43-4.66 2.016-7.004 0.57-2.348 1.138-4.676 1.702-6.988 1.118-4.606 2.216-9.14 3.296-13.602 0.868-4.502 1.72-8.928 2.558-13.272 0.41-2.164 0.818-4.308 1.222-6.434 0.2-1.060 0.398-2.116 0.596-3.164 0.148-1.062 0.296-2.118 0.444-3.168 0.582-4.19 1.152-8.292 1.708-12.3 0.278-1.996 0.55-3.97 0.82-5.922 0.284-1.946 0.376-3.902 0.568-5.812 0.336-3.822 0.664-7.546 0.98-11.164 0.304-3.616 0.686-7.106 0.738-10.528 0.020-0.534 0.040-1.044 0.058-1.574 35.224-0.146 63.732-28.738 63.732-63.992 0-0.542-0.028-1.080-0.042-1.62h0.022c0 0-0.012-0.090-0.028-0.224-0.11-3.878-0.55-7.674-1.322-11.35-0.204-1.748-0.428-3.662-0.674-5.776-0.222-1.886-0.46-3.914-0.718-6.076-0.374-2.566-0.77-5.294-1.19-8.176-0.856-5.746-1.8-12.124-2.908-18.958-1.348-6.444-2.804-13.414-4.364-20.862-0.71-3.72-1.776-7.506-2.786-11.408-1.024-3.892-2.078-7.894-3.16-12.002-0.566-2.044-1.040-4.134-1.708-6.208-0.656-2.076-1.32-4.174-1.988-6.3-1.348-4.234-2.726-8.566-4.136-12.99-0.352-1.102-0.708-2.21-1.064-3.324-0.408-1.1-0.814-2.206-1.226-3.316-0.826-2.216-1.658-4.454-2.502-6.714-1.696-4.498-3.422-9.080-5.18-13.74-1.968-4.57-3.97-9.216-6.004-13.936-1.020-2.348-2.044-4.714-3.078-7.098-1.048-2.376-2.27-4.702-3.408-7.076-2.322-4.714-4.678-9.494-7.062-14.33-2.47-4.786-5.208-9.512-7.846-14.328-1.336-2.398-2.68-4.808-4.028-7.23-1.368-2.41-2.902-4.75-4.356-7.14-2.95-4.74-5.93-9.524-8.934-14.35-12.64-18.892-26.676-37.564-42.21-55.278-15.712-17.576-32.726-34.25-50.692-49.602-18.18-15.136-37.264-28.902-56.726-41.112-19.604-12.036-39.644-22.314-59.376-31.142-5.004-2.040-9.964-4.062-14.878-6.068-2.462-0.974-4.868-2.032-7.336-2.918-2.47-0.87-4.93-1.734-7.376-2.592-4.898-1.684-9.678-3.468-14.484-4.994-4.832-1.432-9.604-2.846-14.312-4.242-2.356-0.672-4.66-1.428-7.004-2.014-2.346-0.572-4.676-1.138-6.986-1.702-4.606-1.118-9.142-2.216-13.604-3.298-4.5-0.868-8.926-1.72-13.27-2.558-2.166-0.412-4.31-0.82-6.434-1.222-1.062-0.2-2.118-0.398-3.166-0.596-1.060-0.148-2.118-0.296-3.166-0.442-4.192-0.584-8.292-1.154-12.3-1.71-1.998-0.276-3.972-0.55-5.922-0.82-1.946-0.284-3.904-0.376-5.814-0.57-3.822-0.336-7.544-0.664-11.164-0.98-3.616-0.304-7.104-0.686-10.526-0.738-0.852-0.032-1.674-0.062-2.512-0.092-0.65-34.78-29.028-62.778-63.966-62.778-0.542 0-1.080 0.028-1.62 0.042l-0.002-0.022c0 0-0.090 0.012-0.222 0.028-3.878 0.11-7.676 0.55-11.352 1.322-1.748 0.204-3.662 0.426-5.776 0.672-1.884 0.222-3.912 0.462-6.076 0.718-2.566 0.376-5.292 0.772-8.176 1.192-5.746 0.856-12.124 1.8-18.958 2.908-6.446 1.348-13.414 2.804-20.864 4.362-3.718 0.712-7.504 1.778-11.406 2.786-3.892 1.026-7.894 2.080-12.004 3.162-2.044 0.566-4.132 1.040-6.208 1.708-2.074 0.656-4.174 1.318-6.3 1.988-4.232 1.348-8.564 2.726-12.988 4.134-1.104 0.354-2.21 0.708-3.324 1.066-1.1 0.406-2.206 0.814-3.316 1.226-2.216 0.824-4.456 1.658-6.714 2.5-4.496 1.698-9.078 3.424-13.74 5.182-4.568 1.968-9.216 3.97-13.936 6.004-2.348 1.018-4.714 2.044-7.098 3.078-2.376 1.048-4.702 2.27-7.074 3.408-4.714 2.322-9.494 4.678-14.33 7.062-4.786 2.47-9.512 5.208-14.328 7.846-2.398 1.336-4.808 2.678-7.23 4.028-2.41 1.366-4.75 2.9-7.14 4.354-4.738 2.952-9.524 5.93-14.35 8.936-18.89 12.64-37.564 26.674-55.278 42.21-17.574 15.712-34.248 32.726-49.602 50.69-15.136 18.182-28.902 37.264-41.112 56.728-12.036 19.602-22.314 39.644-31.142 59.376-2.042 5.002-4.062 9.964-6.068 14.878-0.974 2.462-2.032 4.868-2.918 7.334-0.87 2.472-1.732 4.932-2.592 7.376-1.686 4.898-3.468 9.678-4.994 14.484-1.432 4.832-2.846 9.604-4.24 14.31-0.674 2.358-1.43 4.66-2.016 7.004-0.57 2.348-1.138 4.676-1.702 6.988-1.118 4.606-2.216 9.14-3.296 13.602-0.868 4.502-1.72 8.928-2.558 13.272-0.41 2.164-0.818 4.308-1.222 6.434-0.2 1.060-0.398 2.116-0.596 3.164-0.148 1.062-0.296 2.118-0.444 3.168-0.582 4.19-1.152 8.292-1.708 12.3-0.278 1.996-0.55 3.97-0.82 5.922-0.284 1.946-0.376 3.902-0.568 5.812-0.336 3.822-0.664 7.546-0.98 11.164-0.304 3.616-0.686 7.106-0.738 10.528-0.020 0.548-0.040 1.076-0.058 1.62-34.376 1.112-61.902 29.304-61.902 63.946 0 0.542 0.028 1.078 0.042 1.618zM73.518 448.706c0.042-0.196 0.086-0.384 0.128-0.58 0.644-3.248 1.632-6.542 2.556-9.942 0.934-3.388 1.894-6.876 2.88-10.454 0.516-1.78 0.934-3.602 1.546-5.406 0.596-1.802 1.202-3.628 1.81-5.476 1.218-3.682 2.464-7.45 3.736-11.294 0.316-0.958 0.634-1.924 0.956-2.892 0.37-0.954 0.74-1.914 1.114-2.876 0.746-1.924 1.5-3.868 2.26-5.83 1.52-3.904 3.070-7.882 4.646-11.93 1.768-3.96 3.566-7.99 5.392-12.080 0.908-2.038 1.824-4.090 2.746-6.156 0.932-2.060 2.036-4.072 3.052-6.126 2.070-4.084 4.17-8.222 6.294-12.412 2.202-4.142 4.654-8.224 6.998-12.392 1.184-2.074 2.374-4.16 3.57-6.256 1.21-2.086 2.586-4.102 3.876-6.166 2.616-4.098 5.256-8.232 7.918-12.402 11.234-16.298 23.632-32.398 37.33-47.638 13.874-15.104 28.842-29.404 44.598-42.548 15.974-12.928 32.686-24.65 49.676-35.022 17.13-10.194 34.6-18.838 51.734-26.258 4.35-1.7 8.662-3.382 12.934-5.050 2.136-0.812 4.216-1.71 6.36-2.444 2.146-0.714 4.28-1.428 6.404-2.136 4.25-1.386 8.382-2.888 12.548-4.142 4.184-1.174 8.314-2.332 12.392-3.474 2.038-0.55 4.026-1.19 6.054-1.662 2.030-0.458 4.044-0.914 6.044-1.368 3.978-0.91 7.896-1.806 11.748-2.688 3.888-0.686 7.71-1.36 11.462-2.022 1.868-0.33 3.716-0.658 5.546-0.98 0.914-0.162 1.824-0.324 2.728-0.484 0.916-0.112 1.828-0.222 2.734-0.332 3.612-0.448 7.148-0.882 10.604-1.31 1.72-0.216 3.422-0.432 5.102-0.644 1.674-0.226 3.364-0.266 5.010-0.408 3.292-0.238 6.498-0.472 9.616-0.7 3.11-0.218 6.11-0.524 9.058-0.508 5.848-0.132 11.32-0.256 16.38-0.372 4.664 0.168 8.948 0.324 12.818 0.462 1.914 0.054 3.726 0.108 5.432 0.156 2.122 0.134 4.108 0.26 5.958 0.378 2.13 0.138 4.060 0.266 5.82 0.38 3.256 0.51 6.592 0.782 9.99 0.782 0.466 0 0.93-0.026 1.396-0.036 0.132 0.008 0.224 0.014 0.224 0.014v-0.020c31.14-0.778 56.75-23.784 61.556-53.754 0.542 0.12 1.064 0.236 1.612 0.356 3.246 0.644 6.542 1.632 9.942 2.556 3.386 0.934 6.876 1.894 10.454 2.88 1.778 0.516 3.602 0.934 5.404 1.546 1.802 0.596 3.63 1.202 5.478 1.812 3.68 1.218 7.448 2.464 11.292 3.736 0.96 0.316 1.924 0.634 2.892 0.956 0.956 0.37 1.914 0.74 2.876 1.112 1.926 0.746 3.868 1.5 5.83 2.26 3.904 1.52 7.884 3.070 11.932 4.646 3.96 1.768 7.988 3.566 12.080 5.392 2.038 0.908 4.088 1.824 6.156 2.746 2.060 0.932 4.072 2.036 6.126 3.054 4.082 2.070 8.222 4.17 12.41 6.294 4.144 2.202 8.226 4.654 12.394 6.998 2.074 1.184 4.16 2.374 6.256 3.572 2.086 1.21 4.102 2.586 6.166 3.876 4.098 2.616 8.23 5.256 12.402 7.918 16.296 11.234 32.398 23.632 47.636 37.33 15.104 13.874 29.406 28.842 42.55 44.598 12.928 15.974 24.648 32.686 35.020 49.676 10.196 17.13 18.84 34.6 26.26 51.736 1.698 4.348 3.382 8.662 5.050 12.932 0.812 2.136 1.71 4.216 2.444 6.36 0.714 2.146 1.428 4.28 2.136 6.404 1.386 4.25 2.888 8.384 4.142 12.548 1.174 4.184 2.33 8.316 3.474 12.392 0.55 2.038 1.19 4.026 1.66 6.054 0.46 2.030 0.916 4.046 1.368 6.046 0.91 3.978 1.808 7.896 2.688 11.748 0.688 3.888 1.362 7.71 2.024 11.462 0.33 1.868 0.656 3.716 0.98 5.548 0.162 0.914 0.324 1.824 0.484 2.728 0.11 0.916 0.222 1.828 0.332 2.734 0.446 3.612 0.882 7.148 1.31 10.604 0.216 1.72 0.432 3.42 0.642 5.1 0.226 1.674 0.268 3.364 0.41 5.010 0.238 3.292 0.472 6.498 0.7 9.616 0.218 3.11 0.524 6.11 0.508 9.058 0.132 5.848 0.256 11.32 0.372 16.38-0.168 4.664-0.324 8.948-0.462 12.818-0.054 1.914-0.108 3.726-0.156 5.432-0.134 2.122-0.26 4.108-0.378 5.958-0.138 2.13-0.266 4.060-0.38 5.82-0.498 3.256-0.768 6.592-0.768 9.99 0 0.468 0.026 0.93 0.036 1.396-0.008 0.132-0.016 0.224-0.016 0.224h0.022c0.768 30.766 23.236 56.128 52.682 61.37-0.066 0.296-0.13 0.584-0.198 0.884-0.644 3.248-1.632 6.542-2.556 9.942-0.934 3.388-1.894 6.876-2.88 10.454-0.516 1.78-0.934 3.602-1.546 5.406-0.596 1.802-1.202 3.628-1.81 5.476-1.218 3.682-2.464 7.45-3.736 11.294-0.316 0.958-0.634 1.924-0.956 2.892-0.37 0.954-0.74 1.914-1.114 2.876-0.746 1.924-1.5 3.868-2.26 5.83-1.52 3.904-3.070 7.882-4.646 11.93-1.768 3.96-3.566 7.99-5.392 12.080-0.908 2.038-1.824 4.090-2.746 6.156-0.932 2.060-2.036 4.072-3.052 6.126-2.070 4.084-4.17 8.222-6.294 12.412-2.202 4.142-4.654 8.224-6.998 12.392-1.184 2.074-2.374 4.16-3.57 6.256-1.21 2.086-2.586 4.102-3.876 6.166-2.616 4.098-5.256 8.232-7.918 12.402-11.234 16.298-23.632 32.398-37.33 47.638-13.874 15.104-28.842 29.404-44.598 42.548-15.974 12.928-32.686 24.65-49.676 35.022-17.13 10.194-34.6 18.838-51.734 26.258-4.35 1.7-8.662 3.382-12.934 5.050-2.136 0.812-4.216 1.71-6.36 2.444-2.146 0.714-4.28 1.428-6.404 2.136-4.25 1.386-8.382 2.888-12.548 4.142-4.184 1.174-8.314 2.332-12.392 3.474-2.038 0.55-4.026 1.19-6.054 1.662-2.030 0.458-4.044 0.914-6.044 1.368-3.978 0.91-7.896 1.806-11.748 2.688-3.888 0.686-7.71 1.36-11.462 2.022-1.868 0.33-3.716 0.658-5.546 0.98-0.914 0.162-1.824 0.324-2.728 0.484-0.916 0.112-1.828 0.222-2.734 0.332-3.612 0.448-7.148 0.882-10.604 1.31-1.72 0.216-3.422 0.432-5.102 0.644-1.674 0.226-3.364 0.266-5.010 0.408-3.292 0.238-6.498 0.472-9.616 0.7-3.11 0.218-6.11 0.524-9.058 0.508-5.848 0.132-11.32 0.256-16.38 0.372-4.664-0.168-8.948-0.324-12.818-0.462-1.914-0.054-3.726-0.108-5.432-0.156-2.122-0.134-4.108-0.26-5.958-0.378-2.13-0.138-4.060-0.266-5.82-0.38-3.256-0.51-6.592-0.782-9.99-0.782-0.466 0-0.93 0.026-1.396 0.036-0.132-0.008-0.224-0.014-0.224-0.014v0.020c-31.004 0.774-56.524 23.586-61.488 53.364-3.2-0.64-6.446-1.61-9.792-2.522-3.386-0.934-6.876-1.894-10.454-2.878-1.778-0.516-3.602-0.938-5.404-1.546-1.802-0.598-3.63-1.204-5.478-1.812-3.68-1.218-7.448-2.464-11.292-3.738-0.96-0.316-1.924-0.632-2.892-0.954-0.956-0.372-1.914-0.742-2.876-1.114-1.926-0.746-3.868-1.5-5.83-2.258-3.904-1.524-7.884-3.070-11.932-4.648-3.96-1.77-7.988-3.566-12.080-5.39-2.038-0.91-4.088-1.824-6.156-2.746-2.060-0.934-4.072-2.036-6.126-3.054-4.082-2.070-8.222-4.172-12.41-6.296-4.144-2.2-8.226-4.652-12.394-6.996-2.074-1.184-4.16-2.376-6.256-3.57-2.086-1.21-4.102-2.586-6.166-3.878-4.098-2.614-8.23-5.254-12.402-7.918-16.296-11.23-32.398-23.632-47.636-37.328-15.104-13.876-29.406-28.84-42.55-44.598-12.928-15.972-24.648-32.684-35.020-49.676-10.196-17.128-18.84-34.602-26.26-51.734-1.698-4.352-3.382-8.664-5.050-12.934-0.812-2.136-1.71-4.218-2.444-6.36-0.714-2.148-1.428-4.282-2.136-6.406-1.386-4.25-2.888-8.382-4.142-12.546-1.174-4.184-2.33-8.316-3.474-12.394-0.55-2.036-1.19-4.024-1.66-6.054-0.46-2.028-0.916-4.042-1.368-6.042-0.91-3.98-1.808-7.898-2.688-11.75-0.688-3.886-1.362-7.71-2.024-11.46-0.33-1.868-0.656-3.718-0.98-5.546-0.162-0.914-0.324-1.824-0.484-2.73-0.11-0.914-0.222-1.828-0.332-2.734-0.446-3.61-0.882-7.148-1.31-10.602-0.216-1.722-0.432-3.422-0.642-5.102-0.226-1.676-0.268-3.364-0.41-5.012-0.238-3.29-0.472-6.496-0.7-9.614-0.218-3.11-0.524-6.11-0.508-9.058-0.132-5.848-0.256-11.32-0.372-16.382 0.168-4.664 0.324-8.946 0.462-12.816 0.054-1.914 0.108-3.726 0.156-5.434 0.134-2.122 0.26-4.106 0.378-5.958 0.138-2.128 0.266-4.058 0.38-5.82 0.496-3.26 0.766-6.596 0.766-9.994 0-0.466-0.026-0.93-0.036-1.396 0.008-0.132 0.016-0.224 0.016-0.224h-0.022c-0.78-31.38-24.134-57.154-54.44-61.674z"
        ],
        "attrs": [],
        "isMulticolor": false,
        "isMulticolor2": false,
        "tags": [
          "spinner",
          "loading",
          "loading-wheel",
          "busy",
          "wait"
        ],
        "defaultCode": 59779,
        "grid": 16
      },
      "attrs": [],
      "properties": {
        "ligatures": "spinner10, loading11",
        "name": "spinner10",
        "id": 131,
        "order": 47,
        "prevSize": 32,
        "code": 59779
      },
      "setIdx": 0,
      "setId": 2,
      "iconIdx": 131
    },
    {
      "icon": {
        "paths": [
          "M1024 384h-384l143.53-143.53c-72.53-72.526-168.96-112.47-271.53-112.47s-199 39.944-271.53 112.47c-72.526 72.53-112.47 168.96-112.47 271.53s39.944 199 112.47 271.53c72.53 72.526 168.96 112.47 271.53 112.47s199-39.944 271.528-112.472c6.056-6.054 11.86-12.292 17.456-18.668l96.32 84.282c-93.846 107.166-231.664 174.858-385.304 174.858-282.77 0-512-229.23-512-512s229.23-512 512-512c141.386 0 269.368 57.326 362.016 149.984l149.984-149.984v384z"
        ],
        "attrs": [],
        "isMulticolor": false,
        "isMulticolor2": false,
        "tags": [
          "spinner",
          "loading",
          "loading-wheel",
          "refresh",
          "repeat",
          "busy",
          "wait",
          "arrow"
        ],
        "defaultCode": 59780,
        "grid": 16
      },
      "attrs": [],
      "properties": {
        "ligatures": "spinner11, loading12",
        "name": "spinner11",
        "id": 132,
        "order": 48,
        "prevSize": 32,
        "code": 59780
      },
      "setIdx": 0,
      "setId": 2,
      "iconIdx": 132
    },
    {
      "icon": {
        "paths": [
          "M933.79 610.25c-53.726-93.054-21.416-212.304 72.152-266.488l-100.626-174.292c-28.75 16.854-62.176 26.518-97.846 26.518-107.536 0-194.708-87.746-194.708-195.99h-201.258c0.266 33.41-8.074 67.282-25.958 98.252-53.724 93.056-173.156 124.702-266.862 70.758l-100.624 174.292c28.97 16.472 54.050 40.588 71.886 71.478 53.638 92.908 21.512 211.92-71.708 266.224l100.626 174.292c28.65-16.696 61.916-26.254 97.4-26.254 107.196 0 194.144 87.192 194.7 194.958h201.254c-0.086-33.074 8.272-66.57 25.966-97.218 53.636-92.906 172.776-124.594 266.414-71.012l100.626-174.29c-28.78-16.466-53.692-40.498-71.434-71.228zM512 719.332c-114.508 0-207.336-92.824-207.336-207.334 0-114.508 92.826-207.334 207.336-207.334 114.508 0 207.332 92.826 207.332 207.334-0.002 114.51-92.824 207.334-207.332 207.334z"
        ],
        "attrs": [],
        "isMulticolor": false,
        "isMulticolor2": false,
        "tags": [
          "cog",
          "gear",
          "preferences",
          "settings",
          "generate",
          "control",
          "options"
        ],
        "defaultCode": 59796,
        "grid": 16
      },
      "attrs": [],
      "properties": {
        "ligatures": "cog, gear",
        "name": "cog",
        "id": 148,
        "order": 38,
        "prevSize": 32,
        "code": 59796
      },
      "setIdx": 0,
      "setId": 2,
      "iconIdx": 148
    },
    {
      "icon": {
        "paths": [
          "M363.722 722.052l41.298-57.816-45.254-45.256-57.818 41.296c-10.722-5.994-22.204-10.774-34.266-14.192l-11.682-70.084h-64l-11.68 70.086c-12.062 3.418-23.544 8.198-34.266 14.192l-57.818-41.298-45.256 45.256 41.298 57.816c-5.994 10.72-10.774 22.206-14.192 34.266l-70.086 11.682v64l70.086 11.682c3.418 12.060 8.198 23.544 14.192 34.266l-41.298 57.816 45.254 45.256 57.818-41.296c10.722 5.994 22.204 10.774 34.266 14.192l11.682 70.084h64l11.68-70.086c12.062-3.418 23.544-8.198 34.266-14.192l57.818 41.296 45.254-45.256-41.298-57.816c5.994-10.72 10.774-22.206 14.192-34.266l70.088-11.68v-64l-70.086-11.682c-3.418-12.060-8.198-23.544-14.192-34.266zM224 864c-35.348 0-64-28.654-64-64s28.652-64 64-64 64 28.654 64 64-28.652 64-64 64zM1024 384v-64l-67.382-12.25c-1.242-8.046-2.832-15.978-4.724-23.79l57.558-37.1-24.492-59.128-66.944 14.468c-4.214-6.91-8.726-13.62-13.492-20.13l39.006-56.342-45.256-45.254-56.342 39.006c-6.512-4.766-13.22-9.276-20.13-13.494l14.468-66.944-59.128-24.494-37.1 57.558c-7.812-1.892-15.744-3.482-23.79-4.724l-12.252-67.382h-64l-12.252 67.382c-8.046 1.242-15.976 2.832-23.79 4.724l-37.098-57.558-59.128 24.492 14.468 66.944c-6.91 4.216-13.62 8.728-20.13 13.494l-56.342-39.006-45.254 45.254 39.006 56.342c-4.766 6.51-9.278 13.22-13.494 20.13l-66.944-14.468-24.492 59.128 57.558 37.1c-1.892 7.812-3.482 15.742-4.724 23.79l-67.384 12.252v64l67.382 12.25c1.242 8.046 2.832 15.978 4.724 23.79l-57.558 37.1 24.492 59.128 66.944-14.468c4.216 6.91 8.728 13.618 13.494 20.13l-39.006 56.342 45.254 45.256 56.342-39.006c6.51 4.766 13.22 9.276 20.13 13.492l-14.468 66.944 59.128 24.492 37.102-57.558c7.81 1.892 15.742 3.482 23.788 4.724l12.252 67.384h64l12.252-67.382c8.044-1.242 15.976-2.832 23.79-4.724l37.1 57.558 59.128-24.492-14.468-66.944c6.91-4.216 13.62-8.726 20.13-13.492l56.342 39.006 45.256-45.256-39.006-56.342c4.766-6.512 9.276-13.22 13.492-20.13l66.944 14.468 24.492-59.13-57.558-37.1c1.892-7.812 3.482-15.742 4.724-23.79l67.382-12.25zM672 491.2c-76.878 0-139.2-62.322-139.2-139.2s62.32-139.2 139.2-139.2 139.2 62.322 139.2 139.2c0 76.878-62.32 139.2-139.2 139.2z"
        ],
        "attrs": [],
        "isMulticolor": false,
        "isMulticolor2": false,
        "tags": [
          "cogs",
          "gears",
          "preferences",
          "settings",
          "generate",
          "control",
          "options"
        ],
        "defaultCode": 59797,
        "grid": 16
      },
      "attrs": [],
      "properties": {
        "ligatures": "cogs, gears",
        "name": "cogs",
        "id": 149,
        "order": 39,
        "prevSize": 32,
        "code": 59797
      },
      "setIdx": 0,
      "setId": 2,
      "iconIdx": 149
    },
    {
      "icon": {
        "paths": [
          "M128 320v640c0 35.2 28.8 64 64 64h576c35.2 0 64-28.8 64-64v-640h-704zM320 896h-64v-448h64v448zM448 896h-64v-448h64v448zM576 896h-64v-448h64v448zM704 896h-64v-448h64v448z",
          "M848 128h-208v-80c0-26.4-21.6-48-48-48h-224c-26.4 0-48 21.6-48 48v80h-208c-26.4 0-48 21.6-48 48v80h832v-80c0-26.4-21.6-48-48-48zM576 128h-192v-63.198h192v63.198z"
        ],
        "attrs": [],
        "isMulticolor": false,
        "isMulticolor2": false,
        "tags": [
          "bin",
          "trashcan",
          "remove",
          "delete",
          "recycle",
          "dispose"
        ],
        "defaultCode": 59820,
        "grid": 16
      },
      "attrs": [],
      "properties": {
        "ligatures": "bin, trashcan",
        "name": "bin",
        "id": 172,
        "order": 40,
        "prevSize": 32,
        "code": 59820
      },
      "setIdx": 0,
      "setId": 2,
      "iconIdx": 172
    },
    {
      "icon": {
        "paths": [
          "M512 0c-282.77 0-512 229.23-512 512s229.23 512 512 512 512-229.23 512-512-229.23-512-512-512zM512 928c-229.75 0-416-186.25-416-416s186.25-416 416-416 416 186.25 416 416-186.25 416-416 416z",
          "M672 256l-160 160-160-160-96 96 160 160-160 160 96 96 160-160 160 160 96-96-160-160 160-160z"
        ],
        "attrs": [],
        "isMulticolor": false,
        "isMulticolor2": false,
        "tags": [
          "cancel-circle",
          "close",
          "remove",
          "delete"
        ],
        "defaultCode": 59917,
        "grid": 16
      },
      "attrs": [],
      "properties": {
        "ligatures": "cancel-circle, close",
        "name": "cancel-circle",
        "id": 269,
        "order": 42,
        "prevSize": 32,
        "code": 59917
      },
      "setIdx": 0,
      "setId": 2,
      "iconIdx": 269
    },
    {
      "icon": {
        "paths": [
          "M1014.662 822.66c-0.004-0.004-0.008-0.008-0.012-0.010l-310.644-310.65 310.644-310.65c0.004-0.004 0.008-0.006 0.012-0.010 3.344-3.346 5.762-7.254 7.312-11.416 4.246-11.376 1.824-24.682-7.324-33.83l-146.746-146.746c-9.148-9.146-22.45-11.566-33.828-7.32-4.16 1.55-8.070 3.968-11.418 7.31 0 0.004-0.004 0.006-0.008 0.010l-310.648 310.652-310.648-310.65c-0.004-0.004-0.006-0.006-0.010-0.010-3.346-3.342-7.254-5.76-11.414-7.31-11.38-4.248-24.682-1.826-33.83 7.32l-146.748 146.748c-9.148 9.148-11.568 22.452-7.322 33.828 1.552 4.16 3.97 8.072 7.312 11.416 0.004 0.002 0.006 0.006 0.010 0.010l310.65 310.648-310.65 310.652c-0.002 0.004-0.006 0.006-0.008 0.010-3.342 3.346-5.76 7.254-7.314 11.414-4.248 11.376-1.826 24.682 7.322 33.83l146.748 146.746c9.15 9.148 22.452 11.568 33.83 7.322 4.16-1.552 8.070-3.97 11.416-7.312 0.002-0.004 0.006-0.006 0.010-0.010l310.648-310.65 310.648 310.65c0.004 0.002 0.008 0.006 0.012 0.008 3.348 3.344 7.254 5.762 11.414 7.314 11.378 4.246 24.684 1.826 33.828-7.322l146.746-146.748c9.148-9.148 11.57-22.454 7.324-33.83-1.552-4.16-3.97-8.068-7.314-11.414z"
        ],
        "attrs": [],
        "isMulticolor": false,
        "isMulticolor2": false,
        "tags": [
          "cross",
          "cancel",
          "close",
          "quit",
          "remove"
        ],
        "defaultCode": 59919,
        "grid": 16
      },
      "attrs": [],
      "properties": {
        "ligatures": "cross, cancel",
        "name": "cross",
        "id": 271,
        "order": 41,
        "prevSize": 32,
        "code": 59919
      },
      "setIdx": 0,
      "setId": 2,
      "iconIdx": 271
    },
    {
      "icon": {
        "paths": [
          "M889.68 166.32c-93.608-102.216-228.154-166.32-377.68-166.32-282.77 0-512 229.23-512 512h96c0-229.75 186.25-416 416-416 123.020 0 233.542 53.418 309.696 138.306l-149.696 149.694h352v-352l-134.32 134.32z",
          "M928 512c0 229.75-186.25 416-416 416-123.020 0-233.542-53.418-309.694-138.306l149.694-149.694h-352v352l134.32-134.32c93.608 102.216 228.154 166.32 377.68 166.32 282.77 0 512-229.23 512-512h-96z"
        ],
        "attrs": [],
        "isMulticolor": false,
        "isMulticolor2": false,
        "tags": [
          "loop",
          "repeat",
          "player",
          "reload",
          "refresh",
          "update",
          "synchronize",
          "arrows"
        ],
        "defaultCode": 59950,
        "grid": 16
      },
      "attrs": [],
      "properties": {
        "ligatures": "loop2, repeat2",
        "name": "loop22",
        "id": 302,
        "order": 58,
        "prevSize": 32,
        "code": 59951
      },
      "setIdx": 0,
      "setId": 2,
      "iconIdx": 302
    },
    {
      "icon": {
        "paths": [
          "M288 576h-64v448h64c17.6 0 32-14.4 32-32v-384c0-17.6-14.4-32-32-32z",
          "M736 576c-17.602 0-32 14.4-32 32v384c0 17.6 14.398 32 32 32h64v-448h-64z",
          "M1024 512c0-282.77-229.23-512-512-512s-512 229.23-512 512c0 61.412 10.83 120.29 30.656 174.848-19.478 33.206-30.656 71.87-30.656 113.152 0 112.846 83.448 206.188 192 221.716v-443.418c-31.914 4.566-61.664 15.842-87.754 32.378-5.392-26.718-8.246-54.364-8.246-82.676 0-229.75 186.25-416 416-416s416 186.25 416 416c0 28.314-2.83 55.968-8.22 82.696-26.1-16.546-55.854-27.848-87.78-32.418v443.44c108.548-15.532 192-108.874 192-221.714 0-41.274-11.178-79.934-30.648-113.138 19.828-54.566 30.648-113.452 30.648-174.866z"
        ],
        "tags": [
          "headphones",
          "headset",
          "music",
          "audio"
        ],
        "defaultCode": 59664,
        "grid": 16,
        "attrs": []
      },
      "attrs": [],
      "properties": {
        "ligatures": "headphones, headset",
        "name": "headphones",
        "order": 7,
        "id": 17,
        "prevSize": 32,
        "code": 59664
      },
      "setIdx": 1,
      "setId": 1,
      "iconIdx": 0
    },
    {
      "icon": {
        "paths": [
          "M960 0h64v736c0 88.366-100.29 160-224 160s-224-71.634-224-160c0-88.368 100.29-160 224-160 62.684 0 119.342 18.4 160 48.040v-368.040l-512 113.778v494.222c0 88.366-100.288 160-224 160s-224-71.634-224-160c0-88.368 100.288-160 224-160 62.684 0 119.342 18.4 160 48.040v-624.040l576-128z"
        ],
        "tags": [
          "music",
          "song",
          "audio",
          "sound",
          "note"
        ],
        "defaultCode": 59665,
        "grid": 16,
        "attrs": []
      },
      "attrs": [],
      "properties": {
        "ligatures": "music, song",
        "name": "music",
        "order": 4,
        "id": 18,
        "prevSize": 32,
        "code": 59665
      },
      "setIdx": 1,
      "setId": 1,
      "iconIdx": 1
    },
    {
      "icon": {
        "width": 1088,
        "paths": [
          "M640 64c247.424 0 448 200.576 448 448s-200.576 448-448 448v-96c94.024 0 182.418-36.614 248.902-103.098s103.098-154.878 103.098-248.902c0-94.022-36.614-182.418-103.098-248.902s-154.878-103.098-248.902-103.098c-94.022 0-182.418 36.614-248.902 103.098-51.14 51.138-84.582 115.246-97.306 184.902h186.208l-224 256-224-256h164.57c31.060-217.102 217.738-384 443.43-384zM832 448v128h-256v-320h128v192z"
        ],
        "tags": [
          "history",
          "time",
          "archive",
          "past"
        ],
        "defaultCode": 59725,
        "grid": 16,
        "attrs": []
      },
      "attrs": [],
      "properties": {
        "ligatures": "history, time",
        "name": "history",
        "order": 36,
        "id": 78,
        "prevSize": 32,
        "code": 59725
      },
      "setIdx": 1,
      "setId": 1,
      "iconIdx": 2
    },
    {
      "icon": {
        "paths": [
          "M658.744 749.256l-210.744-210.746v-282.51h128v229.49l173.256 173.254zM512 0c-282.77 0-512 229.23-512 512s229.23 512 512 512 512-229.23 512-512-229.23-512-512-512zM512 896c-212.078 0-384-171.922-384-384s171.922-384 384-384c212.078 0 384 171.922 384 384s-171.922 384-384 384z"
        ],
        "tags": [
          "clock",
          "time",
          "schedule"
        ],
        "defaultCode": 59726,
        "grid": 16,
        "attrs": []
      },
      "attrs": [],
      "properties": {
        "ligatures": "clock, time2",
        "name": "clock",
        "order": 33,
        "id": 79,
        "prevSize": 32,
        "code": 59726
      },
      "setIdx": 1,
      "setId": 1,
      "iconIdx": 3
    },
    {
      "icon": {
        "paths": [
          "M512 0c-282.77 0-512 229.23-512 512s229.23 512 512 512 512-229.23 512-512-229.23-512-512-512zM658.744 749.256l-210.744-210.746v-282.51h128v229.49l173.256 173.254-90.512 90.512z"
        ],
        "tags": [
          "clock",
          "time",
          "schedule"
        ],
        "defaultCode": 59727,
        "grid": 16,
        "attrs": []
      },
      "attrs": [],
      "properties": {
        "ligatures": "clock2, time3",
        "name": "clock2",
        "order": 34,
        "id": 80,
        "prevSize": 32,
        "code": 59727
      },
      "setIdx": 1,
      "setId": 1,
      "iconIdx": 4
    },
    {
      "icon": {
        "paths": [
          "M320 384h128v128h-128zM512 384h128v128h-128zM704 384h128v128h-128zM128 768h128v128h-128zM320 768h128v128h-128zM512 768h128v128h-128zM320 576h128v128h-128zM512 576h128v128h-128zM704 576h128v128h-128zM128 576h128v128h-128zM832 0v64h-128v-64h-448v64h-128v-64h-128v1024h960v-1024h-128zM896 960h-832v-704h832v704z"
        ],
        "tags": [
          "calendar",
          "date",
          "schedule",
          "time",
          "day"
        ],
        "defaultCode": 59731,
        "grid": 16,
        "attrs": []
      },
      "attrs": [],
      "properties": {
        "ligatures": "calendar, date",
        "name": "calendar",
        "order": 35,
        "id": 84,
        "prevSize": 32,
        "code": 59731
      },
      "setIdx": 1,
      "setId": 1,
      "iconIdx": 5
    },
    {
      "icon": {
        "width": 1152,
        "paths": [
          "M480 128c-50.666 0-99.582 7.95-145.386 23.628-42.924 14.694-81.114 35.436-113.502 61.646-60.044 48.59-93.112 110.802-93.112 175.174 0 35.99 10.066 70.948 29.92 103.898 20.686 34.34 51.898 65.794 90.26 90.958 30.44 19.968 50.936 51.952 56.362 87.95 0.902 5.99 1.63 12.006 2.18 18.032 2.722-2.52 5.424-5.114 8.114-7.794 24.138-24.040 56.688-37.312 90.322-37.312 5.348 0 10.718 0.336 16.094 1.018 19.36 2.452 39.124 3.696 58.748 3.696 50.666 0 99.58-7.948 145.384-23.628 42.926-14.692 81.116-35.434 113.504-61.644 60.046-48.59 93.112-110.802 93.112-175.174s-33.066-126.582-93.112-175.174c-32.388-26.212-70.578-46.952-113.504-61.646-45.804-15.678-94.718-23.628-145.384-23.628zM480 0v0c265.096 0 480 173.914 480 388.448s-214.904 388.448-480 388.448c-25.458 0-50.446-1.62-74.834-4.71-103.106 102.694-222.172 121.108-341.166 123.814v-25.134c64.252-31.354 116-88.466 116-153.734 0-9.106-0.712-18.048-2.030-26.794-108.558-71.214-177.97-179.988-177.97-301.89 0-214.534 214.904-388.448 480-388.448zM996 870.686c0 55.942 36.314 104.898 92 131.772v21.542c-103.126-2.318-197.786-18.102-287.142-106.126-21.14 2.65-42.794 4.040-64.858 4.040-95.47 0-183.408-25.758-253.614-69.040 144.674-0.506 281.26-46.854 384.834-130.672 52.208-42.252 93.394-91.826 122.414-147.348 30.766-58.866 46.366-121.582 46.366-186.406 0-10.448-0.45-20.836-1.258-31.168 72.57 59.934 117.258 141.622 117.258 231.676 0 104.488-60.158 197.722-154.24 258.764-1.142 7.496-1.76 15.16-1.76 22.966z"
        ],
        "tags": [
          "bubbles",
          "comments",
          "chat",
          "talk"
        ],
        "defaultCode": 59760,
        "grid": 16,
        "attrs": []
      },
      "attrs": [],
      "properties": {
        "ligatures": "bubbles4, comments4",
        "name": "bubbles4",
        "order": 16,
        "id": 113,
        "prevSize": 32,
        "code": 59760
      },
      "setIdx": 1,
      "setId": 1,
      "iconIdx": 6
    },
    {
      "icon": {
        "paths": [
          "M992.262 871.396l-242.552-206.294c-25.074-22.566-51.89-32.926-73.552-31.926 57.256-67.068 91.842-154.078 91.842-249.176 0-212.078-171.922-384-384-384-212.076 0-384 171.922-384 384s171.922 384 384 384c95.098 0 182.108-34.586 249.176-91.844-1 21.662 9.36 48.478 31.926 73.552l206.294 242.552c35.322 39.246 93.022 42.554 128.22 7.356s31.892-92.898-7.354-128.22zM384 640c-141.384 0-256-114.616-256-256s114.616-256 256-256 256 114.616 256 256-114.614 256-256 256z"
        ],
        "tags": [
          "search",
          "magnifier",
          "magnifying-glass",
          "inspect",
          "find"
        ],
        "defaultCode": 59782,
        "grid": 16,
        "attrs": []
      },
      "attrs": [],
      "properties": {
        "ligatures": "search, magnifier",
        "name": "search",
        "order": 3,
        "id": 135,
        "prevSize": 32,
        "code": 59782
      },
      "setIdx": 1,
      "setId": 1,
      "iconIdx": 7
    },
    {
      "icon": {
        "paths": [
          "M1024 0v416l-160-160-192 192-96-96 192-192-160-160zM448 672l-192 192 160 160h-416v-416l160 160 192-192z"
        ],
        "tags": [
          "enlarge",
          "expand",
          "maximize",
          "fullscreen"
        ],
        "defaultCode": 59787,
        "grid": 16,
        "attrs": []
      },
      "attrs": [],
      "properties": {
        "ligatures": "enlarge2, expand2",
        "name": "enlarge2",
        "order": 32,
        "id": 140,
        "prevSize": 32,
        "code": 59787
      },
      "setIdx": 1,
      "setId": 1,
      "iconIdx": 8
    },
    {
      "icon": {
        "paths": [
          "M384 64h640v128h-640v-128zM384 448h640v128h-640v-128zM384 832h640v128h-640v-128zM0 128c0-70.692 57.308-128 128-128s128 57.308 128 128c0 70.692-57.308 128-128 128s-128-57.308-128-128zM0 512c0-70.692 57.308-128 128-128s128 57.308 128 128c0 70.692-57.308 128-128 128s-128-57.308-128-128zM0 896c0-70.692 57.308-128 128-128s128 57.308 128 128c0 70.692-57.308 128-128 128s-128-57.308-128-128z"
        ],
        "tags": [
          "list",
          "todo",
          "bullet",
          "menu",
          "options"
        ],
        "defaultCode": 59835,
        "grid": 16,
        "attrs": []
      },
      "attrs": [],
      "properties": {
        "ligatures": "list2, todo2",
        "name": "list2",
        "order": 11,
        "id": 188,
        "prevSize": 32,
        "code": 59835
      },
      "setIdx": 1,
      "setId": 1,
      "iconIdx": 9
    },
    {
      "icon": {
        "paths": [
          "M891.004 360.060c-3.242-128.698-108.458-232.060-237.862-232.060-75.792 0-143.266 35.494-186.854 90.732-24.442-31.598-62.69-51.96-105.708-51.96-73.81 0-133.642 59.876-133.642 133.722 0 6.436 0.48 12.76 1.364 18.954-11.222-2.024-22.766-3.138-34.57-3.138-106.998-0.002-193.732 86.786-193.732 193.842 0 107.062 86.734 193.848 193.73 193.848h91.76l226.51 234.51 226.51-234.51 111.482-0.012c96.138-0.184 174.008-78.21 174.008-174.446 0-82.090-56.678-150.9-132.996-169.482zM512 832l-192-192h128v-192h128v192h128l-192 192z"
        ],
        "tags": [
          "cloud-download",
          "cloud",
          "save",
          "download"
        ],
        "defaultCode": 59842,
        "grid": 16,
        "attrs": []
      },
      "attrs": [],
      "properties": {
        "ligatures": "cloud-download, cloud2",
        "name": "cloud-download",
        "order": 6,
        "id": 195,
        "prevSize": 32,
        "code": 59842
      },
      "setIdx": 1,
      "setId": 1,
      "iconIdx": 10
    },
    {
      "icon": {
        "paths": [
          "M755.188 64c-107.63 0-200.258 87.554-243.164 179-42.938-91.444-135.578-179-243.216-179-148.382 0-268.808 120.44-268.808 268.832 0 301.846 304.5 380.994 512.022 679.418 196.154-296.576 511.978-387.206 511.978-679.418 0-148.392-120.43-268.832-268.812-268.832z"
        ],
        "tags": [
          "heart",
          "like",
          "love",
          "favorite"
        ],
        "defaultCode": 59866,
        "grid": 16,
        "attrs": []
      },
      "attrs": [],
      "properties": {
        "ligatures": "heart, like",
        "name": "heart",
        "order": 12,
        "id": 219,
        "prevSize": 32,
        "code": 59866
      },
      "setIdx": 1,
      "setId": 1,
      "iconIdx": 11
    },
    {
      "icon": {
        "paths": [
          "M192 128l640 384-640 384z"
        ],
        "tags": [
          "play",
          "player"
        ],
        "defaultCode": 59932,
        "grid": 16,
        "attrs": []
      },
      "attrs": [],
      "properties": {
        "ligatures": "play3, player8",
        "name": "play3",
        "order": 8,
        "id": 285,
        "prevSize": 32,
        "code": 59932
      },
      "setIdx": 1,
      "setId": 1,
      "iconIdx": 12
    },
    {
      "icon": {
        "paths": [
          "M128 128h320v768h-320zM576 128h320v768h-320z"
        ],
        "tags": [
          "pause",
          "player"
        ],
        "defaultCode": 59933,
        "grid": 16,
        "attrs": []
      },
      "attrs": [],
      "properties": {
        "ligatures": "pause2, player9",
        "name": "pause2",
        "order": 9,
        "id": 286,
        "prevSize": 32,
        "code": 59933
      },
      "setIdx": 1,
      "setId": 1,
      "iconIdx": 13
    },
    {
      "icon": {
        "paths": [
          "M128 128h768v768h-768z"
        ],
        "tags": [
          "stop",
          "player",
          "square"
        ],
        "defaultCode": 59934,
        "grid": 16,
        "attrs": []
      },
      "attrs": [],
      "properties": {
        "ligatures": "stop2, player10",
        "name": "stop2",
        "order": 10,
        "id": 287,
        "prevSize": 32,
        "code": 59934
      },
      "setIdx": 1,
      "setId": 1,
      "iconIdx": 14
    },
    {
      "icon": {
        "paths": [
          "M576 160v320l320-320v704l-320-320v320l-352-352z"
        ],
        "tags": [
          "backward",
          "player"
        ],
        "defaultCode": 59935,
        "grid": 16,
        "attrs": []
      },
      "attrs": [],
      "properties": {
        "ligatures": "backward2, player11",
        "name": "backward2",
        "order": 22,
        "id": 288,
        "prevSize": 32,
        "code": 59935
      },
      "setIdx": 1,
      "setId": 1,
      "iconIdx": 15
    },
    {
      "icon": {
        "paths": [
          "M512 864v-320l-320 320v-704l320 320v-320l352 352z"
        ],
        "tags": [
          "forward",
          "player"
        ],
        "defaultCode": 59936,
        "grid": 16,
        "attrs": []
      },
      "attrs": [],
      "properties": {
        "ligatures": "forward3, player12",
        "name": "forward3",
        "order": 21,
        "id": 289,
        "prevSize": 32,
        "code": 59936
      },
      "setIdx": 1,
      "setId": 1,
      "iconIdx": 16
    },
    {
      "icon": {
        "paths": [
          "M128 896v-768h128v352l320-320v320l320-320v704l-320-320v320l-320-320v352z"
        ],
        "tags": [
          "first",
          "player"
        ],
        "defaultCode": 59937,
        "grid": 16,
        "attrs": []
      },
      "attrs": [],
      "properties": {
        "ligatures": "first, player13",
        "name": "first",
        "order": 20,
        "id": 290,
        "prevSize": 32,
        "code": 59937
      },
      "setIdx": 1,
      "setId": 1,
      "iconIdx": 17
    },
    {
      "icon": {
        "paths": [
          "M896 128v768h-128v-352l-320 320v-320l-320 320v-704l320 320v-320l320 320v-352z"
        ],
        "tags": [
          "last",
          "player"
        ],
        "defaultCode": 59938,
        "grid": 16,
        "attrs": []
      },
      "attrs": [],
      "properties": {
        "ligatures": "last, player14",
        "name": "last",
        "order": 19,
        "id": 291,
        "prevSize": 32,
        "code": 59938
      },
      "setIdx": 1,
      "setId": 1,
      "iconIdx": 18
    },
    {
      "icon": {
        "paths": [
          "M256 896v-768h128v352l320-320v704l-320-320v352z"
        ],
        "tags": [
          "previous",
          "player"
        ],
        "defaultCode": 59939,
        "grid": 16,
        "attrs": []
      },
      "attrs": [],
      "properties": {
        "ligatures": "previous2, player15",
        "name": "previous2",
        "order": 17,
        "id": 292,
        "prevSize": 32,
        "code": 59939
      },
      "setIdx": 1,
      "setId": 1,
      "iconIdx": 19
    },
    {
      "icon": {
        "paths": [
          "M768 128v768h-128v-352l-320 320v-704l320 320v-352z"
        ],
        "tags": [
          "next",
          "player"
        ],
        "defaultCode": 59940,
        "grid": 16,
        "attrs": []
      },
      "attrs": [],
      "properties": {
        "ligatures": "next2, player16",
        "name": "next2",
        "order": 18,
        "id": 293,
        "prevSize": 32,
        "code": 59940
      },
      "setIdx": 1,
      "setId": 1,
      "iconIdx": 20
    },
    {
      "icon": {
        "paths": [
          "M0 768h1024v128h-1024zM512 128l512 512h-1024z"
        ],
        "tags": [
          "eject",
          "player"
        ],
        "defaultCode": 59941,
        "grid": 16,
        "attrs": []
      },
      "attrs": [],
      "properties": {
        "ligatures": "eject, player17",
        "name": "eject",
        "order": 31,
        "id": 294,
        "prevSize": 32,
        "code": 59941
      },
      "setIdx": 1,
      "setId": 1,
      "iconIdx": 21
    },
    {
      "icon": {
        "width": 1088,
        "paths": [
          "M890.040 922.040c-12.286 0-24.566-4.686-33.942-14.056-18.744-18.746-18.744-49.136 0-67.882 87.638-87.642 135.904-204.16 135.904-328.1 0-123.938-48.266-240.458-135.904-328.098-18.744-18.746-18.744-49.138 0-67.882s49.138-18.744 67.882 0c105.77 105.772 164.022 246.4 164.022 395.98s-58.252 290.208-164.022 395.98c-9.372 9.372-21.656 14.058-33.94 14.058zM719.53 831.53c-12.286 0-24.566-4.686-33.942-14.056-18.744-18.744-18.744-49.136 0-67.882 131.006-131.006 131.006-344.17 0-475.176-18.744-18.746-18.744-49.138 0-67.882 18.744-18.742 49.138-18.744 67.882 0 81.594 81.59 126.53 190.074 126.53 305.466 0 115.39-44.936 223.876-126.53 305.47-9.372 9.374-21.656 14.060-33.94 14.060v0zM549.020 741.020c-12.286 0-24.568-4.686-33.942-14.058-18.746-18.746-18.746-49.134 0-67.88 81.1-81.1 81.1-213.058 0-294.156-18.746-18.746-18.746-49.138 0-67.882s49.136-18.744 67.882 0c118.53 118.53 118.53 311.392 0 429.922-9.372 9.368-21.656 14.054-33.94 14.054z",
          "M416.006 960c-8.328 0-16.512-3.25-22.634-9.374l-246.626-246.626h-114.746c-17.672 0-32-14.326-32-32v-320c0-17.672 14.328-32 32-32h114.746l246.626-246.628c9.154-9.154 22.916-11.89 34.874-6.936 11.958 4.952 19.754 16.622 19.754 29.564v832c0 12.944-7.796 24.612-19.754 29.564-3.958 1.64-8.118 2.436-12.24 2.436z"
        ],
        "tags": [
          "volume-high",
          "volume",
          "audio",
          "speaker",
          "player"
        ],
        "defaultCode": 59942,
        "grid": 16,
        "attrs": []
      },
      "attrs": [],
      "properties": {
        "ligatures": "volume-high, volume",
        "name": "volume-high",
        "order": 30,
        "id": 295,
        "prevSize": 32,
        "code": 59942
      },
      "setIdx": 1,
      "setId": 1,
      "iconIdx": 22
    },
    {
      "icon": {
        "paths": [
          "M719.53 831.53c-12.286 0-24.566-4.686-33.942-14.056-18.744-18.744-18.744-49.136 0-67.882 131.006-131.006 131.006-344.17 0-475.176-18.744-18.746-18.744-49.138 0-67.882 18.744-18.742 49.138-18.744 67.882 0 81.594 81.59 126.53 190.074 126.53 305.466 0 115.39-44.936 223.876-126.53 305.47-9.372 9.374-21.656 14.060-33.94 14.060v0zM549.020 741.020c-12.286 0-24.566-4.686-33.942-14.058-18.746-18.746-18.746-49.134 0-67.88 81.1-81.1 81.1-213.058 0-294.156-18.746-18.746-18.746-49.138 0-67.882s49.136-18.744 67.882 0c118.53 118.53 118.53 311.392 0 429.922-9.372 9.368-21.656 14.054-33.94 14.054z",
          "M416.006 960c-8.328 0-16.512-3.25-22.634-9.374l-246.626-246.626h-114.746c-17.672 0-32-14.326-32-32v-320c0-17.672 14.328-32 32-32h114.746l246.626-246.628c9.154-9.154 22.916-11.89 34.874-6.936 11.958 4.952 19.754 16.622 19.754 29.564v832c0 12.944-7.796 24.612-19.754 29.564-3.958 1.64-8.118 2.436-12.24 2.436z"
        ],
        "tags": [
          "volume-medium",
          "volume",
          "audio",
          "speaker",
          "player"
        ],
        "defaultCode": 59943,
        "grid": 16,
        "attrs": []
      },
      "attrs": [],
      "properties": {
        "ligatures": "volume-medium, volume2",
        "name": "volume-medium",
        "order": 5,
        "id": 296,
        "prevSize": 32,
        "code": 59943
      },
      "setIdx": 1,
      "setId": 1,
      "iconIdx": 23
    },
    {
      "icon": {
        "paths": [
          "M416.006 960c-8.328 0-16.512-3.25-22.634-9.374l-246.626-246.626h-114.746c-17.672 0-32-14.326-32-32v-320c0-17.672 14.328-32 32-32h114.746l246.626-246.628c9.154-9.154 22.916-11.89 34.874-6.936 11.958 4.952 19.754 16.622 19.754 29.564v832c0 12.944-7.796 24.612-19.754 29.564-3.958 1.64-8.118 2.436-12.24 2.436z"
        ],
        "tags": [
          "volume-mute",
          "volume",
          "audio",
          "speaker",
          "player"
        ],
        "defaultCode": 59945,
        "grid": 16,
        "attrs": []
      },
      "attrs": [],
      "properties": {
        "ligatures": "volume-mute, volume4",
        "name": "volume-mute",
        "order": 29,
        "id": 298,
        "prevSize": 32,
        "code": 59945
      },
      "setIdx": 1,
      "setId": 1,
      "iconIdx": 24
    },
    {
      "icon": {
        "paths": [
          "M960 619.148v84.852h-84.852l-107.148-107.148-107.148 107.148h-84.852v-84.852l107.148-107.148-107.148-107.148v-84.852h84.852l107.148 107.148 107.148-107.148h84.852v84.852l-107.148 107.148 107.148 107.148z",
          "M416.006 960c-8.328 0-16.512-3.25-22.634-9.374l-246.626-246.626h-114.746c-17.672 0-32-14.326-32-32v-320c0-17.672 14.328-32 32-32h114.746l246.626-246.628c9.154-9.154 22.916-11.89 34.874-6.936 11.958 4.952 19.754 16.622 19.754 29.564v832c0 12.944-7.796 24.612-19.754 29.564-3.958 1.64-8.118 2.436-12.24 2.436z"
        ],
        "tags": [
          "volume-mute",
          "volume",
          "audio",
          "player"
        ],
        "defaultCode": 59946,
        "grid": 16,
        "attrs": []
      },
      "attrs": [],
      "properties": {
        "ligatures": "volume-mute2, volume5",
        "name": "volume-mute2",
        "order": 23,
        "id": 299,
        "prevSize": 32,
        "code": 59946
      },
      "setIdx": 1,
      "setId": 1,
      "iconIdx": 25
    },
    {
      "icon": {
        "paths": [
          "M1024 576h-192v192h-128v-192h-192v-128h192v-192h128v192h192v128z",
          "M416.006 960c-8.328 0-16.512-3.25-22.634-9.374l-246.626-246.626h-114.746c-17.672 0-32-14.326-32-32v-320c0-17.672 14.328-32 32-32h114.746l246.626-246.628c9.154-9.154 22.916-11.89 34.874-6.936 11.958 4.952 19.754 16.622 19.754 29.564v832c0 12.944-7.796 24.612-19.754 29.564-3.958 1.64-8.118 2.436-12.24 2.436z"
        ],
        "tags": [
          "volume-increase",
          "volume",
          "audio",
          "speaker",
          "player"
        ],
        "defaultCode": 59947,
        "grid": 16,
        "attrs": []
      },
      "attrs": [],
      "properties": {
        "ligatures": "volume-increase, volume6",
        "name": "volume-increase",
        "order": 28,
        "id": 300,
        "prevSize": 32,
        "code": 59947
      },
      "setIdx": 1,
      "setId": 1,
      "iconIdx": 26
    },
    {
      "icon": {
        "paths": [
          "M512 448h512v128h-512v-128z",
          "M416.006 960c-8.328 0-16.512-3.25-22.634-9.374l-246.626-246.626h-114.746c-17.672 0-32-14.326-32-32v-320c0-17.672 14.328-32 32-32h114.746l246.626-246.628c9.154-9.154 22.916-11.89 34.874-6.936 11.958 4.952 19.754 16.622 19.754 29.564v832c0 12.944-7.796 24.612-19.754 29.564-3.958 1.64-8.118 2.436-12.24 2.436z"
        ],
        "tags": [
          "volume-decrease",
          "volume",
          "audio",
          "speaker",
          "player"
        ],
        "defaultCode": 59948,
        "grid": 16,
        "attrs": []
      },
      "attrs": [],
      "properties": {
        "ligatures": "volume-decrease, volume7",
        "name": "volume-decrease",
        "order": 27,
        "id": 301,
        "prevSize": 32,
        "code": 59948
      },
      "setIdx": 1,
      "setId": 1,
      "iconIdx": 27
    },
    {
      "icon": {
        "paths": [
          "M128 320h640v192l256-256-256-256v192h-768v384h128zM896 704h-640v-192l-256 256 256 256v-192h768v-384h-128z"
        ],
        "tags": [
          "loop",
          "repeat",
          "player"
        ],
        "defaultCode": 59949,
        "grid": 16,
        "attrs": []
      },
      "attrs": [],
      "properties": {
        "ligatures": "loop, repeat",
        "name": "loop",
        "order": 26,
        "id": 302,
        "prevSize": 32,
        "code": 59949
      },
      "setIdx": 1,
      "setId": 1,
      "iconIdx": 28
    },
    {
      "icon": {
        "paths": [
          "M889.68 166.32c-93.608-102.216-228.154-166.32-377.68-166.32-282.77 0-512 229.23-512 512h96c0-229.75 186.25-416 416-416 123.020 0 233.542 53.418 309.696 138.306l-149.696 149.694h352v-352l-134.32 134.32z",
          "M928 512c0 229.75-186.25 416-416 416-123.020 0-233.542-53.418-309.694-138.306l149.694-149.694h-352v352l134.32-134.32c93.608 102.216 228.154 166.32 377.68 166.32 282.77 0 512-229.23 512-512h-96z"
        ],
        "tags": [
          "loop",
          "repeat",
          "player",
          "reload",
          "refresh",
          "update",
          "synchronize",
          "arrows"
        ],
        "defaultCode": 59950,
        "grid": 16,
        "attrs": []
      },
      "attrs": [],
      "properties": {
        "ligatures": "loop2, repeat2",
        "name": "loop2",
        "order": 25,
        "id": 303,
        "prevSize": 32,
        "code": 59950
      },
      "setIdx": 1,
      "setId": 1,
      "iconIdx": 29
    },
    {
      "icon": {
        "paths": [
          "M768 704h-101.49l-160-160 160-160h101.49v160l224-224-224-224v160h-128c-16.974 0-33.252 6.744-45.254 18.746l-178.746 178.744-178.746-178.746c-12-12-28.28-18.744-45.254-18.744h-192v128h165.49l160 160-160 160h-165.49v128h192c16.974 0 33.252-6.742 45.254-18.746l178.746-178.744 178.746 178.744c12.002 12.004 28.28 18.746 45.254 18.746h128v160l224-224-224-224v160z"
        ],
        "tags": [
          "shuffle",
          "random",
          "player"
        ],
        "defaultCode": 59952,
        "grid": 16,
        "attrs": []
      },
      "attrs": [],
      "properties": {
        "ligatures": "shuffle, random",
        "name": "shuffle",
        "order": 24,
        "id": 305,
        "prevSize": 32,
        "code": 59952
      },
      "setIdx": 1,
      "setId": 1,
      "iconIdx": 30
    },
    {
      "icon": {
        "paths": [
          "M402.746 877.254l-320-320c-24.994-24.992-24.994-65.516 0-90.51l320-320c24.994-24.992 65.516-24.992 90.51 0 24.994 24.994 24.994 65.516 0 90.51l-210.746 210.746h613.49c35.346 0 64 28.654 64 64s-28.654 64-64 64h-613.49l210.746 210.746c12.496 12.496 18.744 28.876 18.744 45.254s-6.248 32.758-18.744 45.254c-24.994 24.994-65.516 24.994-90.51 0z"
        ],
        "tags": [
          "arrow-left",
          "left",
          "previous"
        ],
        "defaultCode": 59968,
        "grid": 16,
        "attrs": []
      },
      "attrs": [],
      "properties": {
        "ligatures": "arrow-left2, left4",
        "name": "arrow-left2",
        "order": 13,
        "id": 321,
        "prevSize": 32,
        "code": 59968
      },
      "setIdx": 1,
      "setId": 1,
      "iconIdx": 31
    },
    {
      "icon": {
        "paths": [
          "M256 640c0 0 58.824-192 384-192v192l384-256-384-256v192c-256 0-384 159.672-384 320zM704 768h-576v-384h125.876c10.094-11.918 20.912-23.334 32.488-34.18 43.964-41.19 96.562-72.652 156.114-93.82h-442.478v640h832v-268.624l-128 85.334v55.29z"
        ],
        "tags": [
          "share",
          "out",
          "external",
          "outside"
        ],
        "defaultCode": 60029,
        "grid": 16,
        "attrs": []
      },
      "attrs": [],
      "properties": {
        "ligatures": "share, out",
        "name": "share",
        "order": 14,
        "id": 382,
        "prevSize": 32,
        "code": 60029
      },
      "setIdx": 1,
      "setId": 1,
      "iconIdx": 32
    },
    {
      "icon": {
        "paths": [
          "M864 704c-45.16 0-85.92 18.738-115.012 48.83l-431.004-215.502c1.314-8.252 2.016-16.706 2.016-25.328s-0.702-17.076-2.016-25.326l431.004-215.502c29.092 30.090 69.852 48.828 115.012 48.828 88.366 0 160-71.634 160-160s-71.634-160-160-160-160 71.634-160 160c0 8.622 0.704 17.076 2.016 25.326l-431.004 215.504c-29.092-30.090-69.852-48.83-115.012-48.83-88.366 0-160 71.636-160 160 0 88.368 71.634 160 160 160 45.16 0 85.92-18.738 115.012-48.828l431.004 215.502c-1.312 8.25-2.016 16.704-2.016 25.326 0 88.368 71.634 160 160 160s160-71.632 160-160c0-88.364-71.634-160-160-160z"
        ],
        "tags": [
          "share",
          "social"
        ],
        "defaultCode": 60034,
        "grid": 16,
        "attrs": []
      },
      "attrs": [],
      "properties": {
        "ligatures": "share2, social",
        "name": "share2",
        "order": 15,
        "id": 387,
        "prevSize": 32,
        "code": 60034
      },
      "setIdx": 1,
      "setId": 1,
      "iconIdx": 33
    }
  ],
  "height": 1024,
  "metadata": {
    "name": "icomoon"
  },
  "preferences": {
    "showGlyphs": true,
    "showQuickUse": true,
    "showQuickUse2": true,
    "showSVGs": true,
    "fontPref": {
      "prefix": "icon-",
      "metadata": {
        "fontFamily": "icomoon"
      },
      "metrics": {
        "emSize": 1024,
        "baseline": 6.25,
        "whitespace": 50
      },
      "embed": false
    },
    "imagePref": {
      "prefix": "icon-",
      "png": true,
      "useClassSelector": true,
      "color": 0,
      "bgColor": 16777215,
      "classSelector": ".icon"
    },
    "historySize": 50,
    "showCodes": true,
    "gridSize": 16
  }
}